{"cameraMode":{"drawMode":0,"name":"Shaded","section":"Shading Mode"},"sceneLighting":false,"audioPlay":false,"sceneViewState":{"showFog":true,"showMaterialUpdate":false,"showSkybox":false,"showFlares":true,"showImageEffects":true,"showParticleSystems":true},"in2DMode":false,"pivot":{"x":-14.741731643676758,"y":1.2037975788116456,"z":21.820789337158204},"rotation":{"x":0.001012758701108396,"y":0.9976896643638611,"z":-0.015275999903678894,"w":0.06624634563922882},"size":22.0,"orthographic":false}